date,close,volume
2024-08-05,873.9,1966900
2024-08-06,935.6,1376400
2024-08-07,916.8,1302300
2024-08-08,917.9,892400
2024-08-09,922.0,894400
2024-08-13,927.0,837900
2024-08-14,933.2,664500
2024-08-15,944.4,837100
2024-08-16,955.6,671900
2024-08-19,951.1,598200
2024-08-20,964.9,512300
2024-08-21,959.0,320300
2024-08-22,958.1,357900
2024-08-23,965.0,345000
2024-08-26,975.3,708300
2024-08-27,984.4,797400
2024-08-28,986.3,598500
2024-08-29,998.2,2403500
2024-08-30,1004.5,1345500
2024-09-02,1010.5,606700
2024-09-03,1014.0,471000
2024-09-04,991.3,703200
2024-09-05,989.5,575100
2024-09-06,988.0,525900
2024-09-09,995.4,679200
2024-09-10,997.0,583500
2024-09-11,970.0,786500
2024-09-12,983.9,805800
2024-09-13,974.7,497700
2024-09-17,980.8,518500
2024-09-18,981.1,570000
2024-09-19,1000.0,436600
2024-09-20,998.3,833500
2024-09-24,994.0,536000
2024-09-25,997.3,523700
2024-09-26,1017.5,781400
2024-09-27,1009.5,631600
2024-09-30,998.9,952400
2024-10-01,997.1,426100
2024-10-02,991.4,465200
2024-10-03,983.3,528800
2024-10-04,999.7,776200
2024-10-07,997.5,708600
2024-10-08,982.7,700800
2024-10-09,975.7,623400
2024-10-10,978.5,511100
2024-10-11,977.3,352100
2024-10-15,978.9,578400
2024-10-16,962.1,597200
2024-10-17,961.8,575700
2024-10-18,952.6,808200
2024-10-21,943.9,474100
2024-10-22,937.4,825300
2024-10-23,934.6,397700
2024-10-24,929.7,589200
2024-10-25,922.1,559800
2024-10-28,935.8,764300
2024-10-29,934.9,672700
2024-10-30,925.5,1003100
2024-10-31,926.4,583200
2024-11-01,873.9,2247500
2024-11-05,858.5,1826900
2024-11-06,889.0,1557000
2024-11-07,909.4,1206900
2024-11-08,909.8,1165400
2024-11-11,901.0,786500
2024-11-12,905.0,680300
2024-11-13,909.6,627900
2024-11-14,896.4,704700
2024-11-15,897.2,920300
2024-11-18,904.1,635700
2024-11-19,896.6,459200
2024-11-20,894.1,792500
2024-11-21,877.3,725100
2024-11-22,893.6,788000
2024-11-25,897.3,720700
2024-11-26,894.7,462200
2024-11-27,880.4,685600
2024-11-28,895.2,886400
2024-11-29,886.0,652800
2024-12-02,885.5,598900
2024-12-03,889.3,530000
2024-12-04,876.0,783200
2024-12-05,862.6,1010600
2024-12-06,871.0,523500
2024-12-09,867.8,695000
2024-12-10,863.8,599700
2024-12-11,869.6,646600
2024-12-12,882.3,766400
2024-12-13,872.0,1360000
2024-12-16,869.8,635100
2024-12-17,853.1,757800
2024-12-18,847.9,700200
2024-12-19,851.3,645700
2024-12-20,853.3,1246200
2024-12-23,850.2,727800
2024-12-24,859.0,704900
2024-12-25,858.9,604100
2024-12-26,864.0,531400
2024-12-27,869.1,499700
2024-12-30,876.0,786600
2025-01-06,867.8,763900
2025-01-07,867.7,644300
2025-01-08,866.8,749200
2025-01-09,857.8,802400
2025-01-10,856.1,620600
2025-01-14,850.1,1064900
2025-01-15,849.0,701900
2025-01-16,847.2,726700
2025-01-17,856.7,1015500
2025-01-20,862.0,608000
2025-01-21,860.0,766500
2025-01-22,864.0,536300
2025-01-23,865.6,789100
2025-01-24,867.8,791900
2025-01-27,876.3,848400
2025-01-28,869.3,643600
2025-01-29,867.9,493900
2025-01-30,874.0,701800
2025-01-31,878.6,666400
2025-02-03,810.0,3146000
2025-02-04,794.1,2688000
2025-02-05,802.7,1940800
2025-02-06,810.5,1265100
2025-02-07,809.1,945600
2025-02-10,819.0,1004000
2025-02-12,822.8,994800
2025-02-13,833.5,933900
2025-02-14,826.5,699000
2025-02-17,813.4,744100
2025-02-18,815.4,644900
2025-02-19,803.5,1005500
2025-02-20,800.8,925300
2025-02-21,800.1,775200
2025-02-25,807.0,1130700
2025-02-26,804.9,942200
2025-02-27,814.0,1320800
2025-02-28,798.8,1770600
2025-03-03,806.5,1075100
2025-03-04,796.0,1040800
2025-03-05,794.0,782100
2025-03-06,810.8,1271500
2025-03-07,809.0,1079100
2025-03-10,810.1,1026300
2025-03-11,804.9,1233700
2025-03-12,811.0,903100
2025-03-13,810.0,678100
2025-03-14,808.7,696700
2025-03-17,816.5,810200
2025-03-18,822.2,887900
2025-03-19,829.0,673800
2025-03-21,835.3,1265500
2025-03-24,827.5,942400
2025-03-25,836.2,1517300
2025-03-26,837.9,1286100
2025-03-27,839.2,1032300
2025-03-28,817.4,1343400
2025-03-31,792.3,1574600
2025-04-01,785.8,1167500
2025-04-02,780.0,1224700
2025-04-03,757.6,1942600
2025-04-04,737.3,2029500
2025-04-07,686.8,2551600
2025-04-08,724.4,1591300
2025-04-09,714.1,1192100
2025-04-10,743.4,1335900
2025-04-11,734.8,1113100
2025-04-14,738.7,1111400
2025-04-15,743.6,685500
2025-04-16,742.7,811600
2025-04-17,744.7,1183400
2025-04-18,756.2,871400
2025-04-21,756.6,813500
2025-04-22,794.6,2585800
2025-04-23,792.0,1678500
2025-04-24,785.8,1302400
2025-04-25,791.8,1790600
2025-04-28,801.4,953700
2025-04-30,796.0,1107000
2025-05-01,789.4,1054500
2025-05-02,789.6,1347100
2025-05-07,775.9,2303100
2025-05-08,784.4,1383800
2025-05-09,751.7,4705500
2025-05-12,756.9,2421700
2025-05-13,750.4,1956300
2025-05-14,759.8,1265600
2025-05-15,744.5,1557300
2025-05-16,741.0,2286600
2025-05-19,744.7,1130800
2025-05-20,734.1,1243100
2025-05-21,734.8,950000
2025-05-22,727.2,1018400
2025-05-23,729.6,789700
2025-05-26,733.4,1233500
2025-05-27,740.7,717600
2025-05-28,742.4,1031800
2025-05-29,744.0,850400
2025-05-30,744.7,1246700
2025-06-02,736.7,1173500
2025-06-03,742.4,1125000
2025-06-04,743.9,900300
2025-06-05,733.6,1209600
2025-06-06,735.0,897300
2025-06-09,733.4,874500
2025-06-10,735.3,1400300
2025-06-11,749.1,1148300
2025-06-12,741.1,1001000
2025-06-13,732.2,1384800
2025-06-16,729.1,2210200
2025-06-17,730.5,1986100
2025-06-18,761.5,3135600
2025-06-19,754.8,1607000
2025-06-20,779.2,2756400
2025-06-23,779.6,2366700
2025-06-24,768.2,1979100
2025-06-25,757.7,1661200
2025-06-26,768.6,1226700
2025-06-27,774.3,1308400
2025-06-30,781.4,1145400
2025-07-01,779.1,890500
2025-07-02,807.8,1683200
2025-07-03,807.6,1166200
2025-07-04,821.7,2145200
2025-07-07,819.9,1553200
2025-07-08,826.1,1546900
2025-07-09,835.2,1898100
2025-07-10,843.4,1472800
2025-07-11,881.2,2694700
2025-07-14,885.1,1954500
2025-07-15,872.9,1563800
2025-07-16,857.7,1034100
2025-07-17,865.9,1043400
2025-07-18,862.9,946400
2025-07-22,863.5,1081200
2025-07-23,873.2,1394600
2025-07-24,882.8,1245200
2025-07-25,877.9,1148700
2025-07-28,883.2,868200
2025-07-29,874.2,720800
2025-07-30,875.6,911200
2025-07-31,878.8,968900
2025-08-01,887.2,1414000
2025-08-04,887.3,1816400
2025-08-05,898.0,3352600
2025-08-06,864.4,1802400
2025-08-07,876.3,1118200
2025-08-08,883.4,1059200
2025-08-12,885.8,1034400
2025-08-13,876.3,1020100
2025-08-14,883.4,1040500
2025-08-15,887.3,704300
2025-08-18,894.6,593800
2025-08-19,903.9,1144200
2025-08-20,902.7,1065400
2025-08-21,913.7,1436600
2025-08-22,927.2,1219800
2025-08-25,915.7,1174800
2025-08-26,916.1,1025600
2025-08-27,917.3,1008400
2025-08-28,915.7,1020500
2025-08-29,922.4,819700
2025-09-01,928.4,814300
2025-09-02,937.4,956800
2025-09-03,935.6,860300
2025-09-04,945.3,1174800
2025-09-05,951.6,1053400
2025-09-08,957.7,1020500
2025-09-09,967.5,1016200
2025-09-10,971.3,1246700
2025-09-11,973.2,1151700
2025-09-12,970.1,1063100
2025-09-16,974.8,894700
2025-09-17,963.8,676700
2025-09-18,957.7,1013700
2025-09-19,941.5,5587900
2025-09-22,951.4,1122400
2025-09-24,952.2,1341600
2025-09-25,953.1,932500
2025-09-26,967.3,1214800
2025-09-29,941.5,1005100
2025-09-30,934.9,885900
2025-10-01,924.7,1131000
2025-10-02,922.1,699500
2025-10-03,934.2,734000
2025-10-06,935.6,910800
2025-10-07,941.9,843600
2025-10-08,932.5,822000
2025-10-09,940.4,667500
2025-10-10,920.0,1470800
2025-10-14,900.8,1637600
2025-10-15,918.1,742400
2025-10-16,915.5,622300
2025-10-17,918.9,501600
2025-10-20,922.7,584300
2025-10-21,925.1,869600
2025-10-22,933.3,1056700
2025-10-23,948.5,755800
2025-10-24,950.7,719200
2025-10-27,969.2,786100
2025-10-28,942.0,888100
2025-10-29,927.4,789300
2025-10-30,937.1,2184600
2025-10-31,939.3,1215100
2025-11-04,929.0,1448100
2025-11-05,933.8,1486400
2025-11-06,988.0,3737000
2025-11-07,996.0,2421900
2025-11-10,997.0,1154200
2025-11-11,1007.0,1099300
2025-11-12,1004.5,759300
2025-11-13,1008.5,595100
2025-11-14,1002.5,575200
2025-11-17,994.8,603300
2025-11-18,1003.0,1087800
2025-11-19,984.0,914200
2025-11-20,992.9,682500
2025-11-21,1025.0,1615900
2025-11-25,1081.0,2228400
2025-11-26,1095.5,1301100
2025-11-27,1101.0,871300
2025-11-28,1116.0,945400
2025-12-01,1116.0,1032100
2025-12-02,1109.5,816900
2025-12-03,1114.5,707000
2025-12-04,1116.0,789500
2025-12-05,1105.5,713900
2025-12-08,1127.0,617100
2025-12-09,1122.5,486100
2025-12-10,1125.5,667000
2025-12-11,1146.0,937800
2025-12-12,1178.0,1379600
2025-12-15,1182.5,968000
2025-12-16,1171.0,915900
2025-12-17,1155.0,836500
2025-12-18,1167.5,697700
2025-12-19,1175.5,1435500
2025-12-22,1167.5,1426400
2025-12-23,1171.5,735200
2025-12-24,1173.0,667000
2025-12-25,1199.5,900700
2025-12-26,1201.0,739700
2025-12-29,1216.0,880100
2025-12-30,1215.5,765900
2026-01-05,1225.0,927700
2026-01-06,1241.5,843500
2026-01-07,1239.5,806800
2026-01-08,1230.5,874800
2026-01-09,1239.5,916600
2026-01-13,1234.5,1539800
2026-01-14,1236.0,1170500
2026-01-15,1251.0,1119500
2026-01-16,1256.0,997000
2026-01-19,1281.5,1038500
2026-01-20,1270.0,899300
2026-01-21,1261.5,798800
2026-01-22,1278.5,955200
2026-01-23,1290.0,816000
2026-01-26,1279.5,809700
2026-01-27,1284.5,887100
2026-01-28,1292.0,1231800
2026-01-29,1304.0,1448500
2026-01-30,1323.0,1321000
2026-02-02,1326.5,2159700
2026-02-03,1366.5,2769500
2026-02-04,1387.5,2673700
2026-02-05,1379.5,1985500
2026-02-06,1420.0,2101600
2026-02-09,1454.5,1690300
2026-02-10,1480.0,2193700
2026-02-12,1518.5,1890900
2026-02-13,1490.0,1228000
2026-02-16,1463.5,1187100
2026-02-17,1470.0,788500
2026-02-18,1502.0,1083800
2026-02-19,1518.5,781600
2026-02-20,1526.5,1133200
2026-02-24,1529.0,1090300
2026-02-25,1537.5,854700
2026-02-26,1528.0,762500
2026-02-27,1560.5,1078800
2026-03-02,1554.0,1039500
2026-03-03,1492.0,928900
2026-03-04,1438.5,1270100
2026-03-05,1430.5,1356700
2026-03-06,1410.0,1000700
2026-03-09,1320.5,1446900
2026-03-10,1351.5,1061500
2026-03-11,1371.0,1012100
2026-03-12,1354.5,817900
2026-03-13,1346.5,1164500
2026-03-16,1333.0,831200
2026-03-17,1335.5,408000
2026-03-18,1389.5,625500
2026-03-19,1261.0,2236800
2026-03-23,1220.5,1517700
2026-03-24,1249.0,1001000
2026-03-25,1268.5,801200
2026-03-26,1297.0,1089800
2026-03-27,1290.5,855500
2026-03-30,1245.5,759800
2026-03-31,1257.5,764400
2026-04-01,1282.5,704200
2026-04-02,1260.5,674200
2026-04-03,1253.0,507500
2026-04-06,1250.0,741600
2026-04-07,1256.5,515600
2026-04-08,1284.5,752200
2026-04-09,1288.0,904000
2026-04-10,1268.0,604700
2026-04-13,1264.0,425600
2026-04-14,1263.5,551500
2026-04-15,1263.0,558300
2026-04-16,1282.0,582100
2026-04-17,1251.5,626200
2026-04-20,1265.0,891600
2026-04-21,1306.0,1085200
2026-04-22,1292.5,699000
2026-04-23,1271.5,732300
2026-04-24,1274.0,558300
2026-04-27,1269.5,2566600
2026-04-28,1256.0,1291800
2026-04-30,1228.5,1710300
2026-05-01,1227.0,1092200
2026-05-07,1236.5,1757400
2026-05-08,1240.0,1278800
2026-05-11,1228.5,1402800
2026-05-12,1218.5,1147100
2026-05-13,1244.0,1058000
2026-05-14,1385.0,4157000
2026-05-15,1404.0,2035700
2026-05-18,1384.5,1676300
2026-05-19,1409.0,1505900
2026-05-20,1392.0,1237500
2026-05-21,1411.0,903100
2026-05-22,1396.0,816000
2026-05-25,1387.0,774200
2026-05-26,1430.0,1160700
2026-05-27,1419.5,929300
2026-05-28,1424.5,1084500
2026-05-29,1458.0,1467400
2026-06-01,1413.0,1107300
2026-06-02,1397.0,857500
2026-06-03,1401.0,661000
2026-06-04,1379.0,821900
2026-06-05,1389.0,752200
2026-06-08,1377.5,987800
2026-06-09,1390.5,786400
2026-06-10,1389.5,928400
2026-06-11,1372.0,825900
2026-06-12,1383.5,874300
2026-06-15,1420.5,863300
2026-06-16,1413.0,560900
2026-06-17,1408.0,825300
2026-06-18,1424.0,1005100
2026-06-19,1430.5,1439300
2026-06-22,1401.0,876600
2026-06-23,1404.5,909000
2026-06-24,1393.0,557000
2026-06-25,1407.5,599900
2026-06-26,1435.5,965700
2026-06-29,1437.5,938000
2026-06-30,1417.5,1041000
2026-07-01,1415.5,592100
2026-07-02,1406.5,781600
2026-07-03,1411.0,759000
2026-07-06,1428.5,778900
2026-07-07,1419.5,666100
2026-07-08,1448.0,1015400
2026-07-09,1410.5,1173100
2026-07-10,1412.5,706200
2026-07-13,1405.0,857000
2026-07-14,1419.5,856900
2026-07-15,1435.5,832600
2026-07-16,1448.5,740900
2026-07-17,1430.5,1096400
2026-07-21,1463.5,1076800
2026-07-22,1464.5,874300
2026-07-23,1480.0,914000
2026-07-24,1461.5,1022700
2026-07-27,1528.0,1211100
2026-07-28,1519.5,1726800
2026-07-29,1534.5,1665400
2026-07-30,1519.5,1013600
2026-07-31,1492.0,1006500
2026-08-03,1490.0,867300
2026-08-04,1493.5,1072400
2026-08-05,1614.5,2348600
2026-08-06,1595.5,1820200
2026-08-07,1577.0,1313000
2026-08-10,1594.5,1061800
2026-08-12,1597.5,786300
2026-08-13,1614.5,964300
